{
  "Total" : {
    "transaction" : "Total",
    "sampleCount" : 950,
    "errorCount" : 573,
    "errorPct" : 60.31579,
    "meanResTime" : 11885.127368421056,
    "medianResTime" : 15693.0,
    "minResTime" : 1001.0,
    "maxResTime" : 20398.0,
    "pct1ResTime" : 18226.6,
    "pct2ResTime" : 18774.149999999998,
    "pct3ResTime" : 19675.210000000003,
    "throughput" : 31.615028786315683,
    "receivedKBytesPerSec" : 75.75117542389098,
    "sentKBytesPerSec" : 2.340155610419648
  },
  "api_testing" : {
    "transaction" : "api_testing",
    "sampleCount" : 950,
    "errorCount" : 573,
    "errorPct" : 60.31579,
    "meanResTime" : 11885.127368421056,
    "medianResTime" : 15693.0,
    "minResTime" : 1001.0,
    "maxResTime" : 20398.0,
    "pct1ResTime" : 18226.6,
    "pct2ResTime" : 18774.149999999998,
    "pct3ResTime" : 19675.210000000003,
    "throughput" : 31.615028786315683,
    "receivedKBytesPerSec" : 75.75117542389098,
    "sentKBytesPerSec" : 2.340155610419648
  }
}